,p_value_placement,MI_placement,p_value_salary,MI_salary,keep_for_placement,keep_for_salary
backlogs,8.756986628113634e-127,0.0073209690542757055,0.08989645503101112,0.0,True,False
internships_count,1.442436909649143e-68,0.005844325586168653,0.0,0.08541516574275176,True,True
projects_count,1.0438732970654432e-65,0.002649531612035183,0.06793495106592391,0.00066932052132751,True,False
coding_skill_score,7.163586481069137e-48,0.0017659027586380827,0.0,0.11596966018566501,True,True
mock_interview_score,8.596199031842513e-39,0.0009231543276326803,0.34631437063651827,0.0,True,False
logical_reasoning_score,5.898953677896048e-24,0.002471363954942518,0.7565441019219503,0.0027259009776372523,True,False
aptitude_score,1.0523087879657289e-19,0.0,0.9508286773364457,0.0,True,False
communication_skill_score,9.654756401486461e-18,0.0,0.9257782808308974,0.002073769046509355,True,False
leadership_score,7.783235333699819e-11,0.0,0.3904240194626719,0.0,True,False
extracurricular_score,9.866886684491401e-09,0.0017075263149504138,0.07278448333989881,0.007800809369938655,True,False
cgpa,9.270373864132873e-05,0.0,0.0,0.14621508618520895,True,True
attendance_percentage,0.004872888651816353,0.0010503328338635765,0.7222304191340145,0.0023735943750304855,False,False
sleep_hours,0.06328296656733635,0.0,0.5003260231239712,0.0,False,False
certifications_count,0.07661432869026372,0.004273314179377374,0.8184256061924962,0.0,False,False
github_repos,0.13365752341208323,0.0,0.767673043464104,0.007217333449275554,False,False
hackathons_participated,0.27442339381803416,0.0003970257616532358,0.4841636982937977,0.0,False,False
linkedin_connections,0.31745332393936,0.00014184172150044638,0.37551711180553426,0.0014381240715568566,False,False
branch,0.32135880274170964,3.6535942039256364e-05,0.9968996758283608,0.0,False,False
volunteer_experience,0.5813493877610347,1.9507353808401184e-06,0.7349506847279499,0.0018927575187515089,False,False
study_hours_per_day,0.8518005997195921,0.0,0.939613940657154,0.0,False,False
college_tier,0.944649707618354,7.117896850539207e-07,0.9993888614139125,0.0,False,False
