,p_value_placement,MI_placement,p_value_salary,MI_salary,keep_for_placement,keep_for_salary,effect_placement,strength_placement,effect_salary,strength_salary
cgpa,0.0,0.08377521333226468,0.0,0.09595941858476476,True,True,0.3932639320955022,strong,0.3663294812261556,strong
backlogs,0.0,0.031348647461078016,1.6414081028689752e-164,0.012369011053202428,True,True,0.2610859054581713,moderate,0.12043240244852603,moderate
attendance_percentage,0.0,0.025275016222979563,0.0,0.01643747134946416,True,True,0.21605099238505288,moderate,0.18448827920172123,moderate
internship_count,0.0,0.02672281877194993,0.0,0.06719370264592461,True,True,0.203652286911882,moderate,0.3893977900117868,strong
internship_months,0.0,0.019430390402390696,0.0,0.0646980580202352,True,True,0.18535522158088164,moderate,0.35160360827804976,strong
projects_count,0.0,0.02223789627118533,0.0,0.08639268057249883,True,True,0.19798190334061458,moderate,0.39361294797443563,strong
technical_skills_count,0.0,0.020155980433866016,0.0,0.08528986489384849,True,True,0.19377794104310678,moderate,0.38702308699534216,strong
coding_skill_score,0.0,0.05936336283124577,0.0,0.30418477718808035,True,True,0.3296142277520041,strong,0.6070569769548544,strong
communication_score,0.0,0.025084244630933172,0.0,0.05213874806420726,True,True,0.21534664318332253,moderate,0.28418474016434986,moderate
aptitude_score,0.0,0.03814407219875693,0.0,0.08160498319168497,True,True,0.27247081795090894,moderate,0.35596413906535584,strong
dsa_score,0.0,0.06646470845678842,0.0,0.25150510340988586,True,True,0.3489345143270414,strong,0.5733644424828104,strong
core_subject_score,0.0,0.04606796125426005,0.0,0.04180076070087324,True,True,0.30081103712455354,strong,0.25335968310240053,moderate
certifications_count,0.0,0.010007208185004446,0.0,0.02088293390350504,True,True,0.14399489823772388,moderate,0.1996363751524685,moderate
github_projects,0.0,0.018361010642353515,0.0,0.07402704706030283,True,True,0.1757645980038348,moderate,0.3834742977140142,strong
resume_score,0.0,0.03067881168982245,0.0,0.09392441198598345,True,True,0.23729376346334619,moderate,0.40049037837795254,strong
coding_contest_rating,0.0,0.0228885017910756,0.0,0.08222468908723624,True,True,0.1707405530880515,moderate,0.3190416525107702,strong
placement_preparation_hours_per_week,0.0,0.03341858174974455,0.0,0.06654162193694368,True,True,0.2298476842411589,moderate,0.35184703512735266,strong
specialization,0.0,0.009690705502838542,0.0,0.03038282825454086,True,True,0.14016329664833277,moderate,0.19819423165847536,moderate
interview_score,0.0,0.05315992034217221,0.0,0.14615658273918264,True,True,0.3179096157087443,strong,0.46875144658708395,strong
academic_consistency,0.0,0.05151325369176862,0.0,0.04652177092348353,True,True,0.30642209655760944,strong,0.2643525627903326,moderate
college_tier,1.051583406730628e-267,0.007897795707027755,0.0,0.030200496275868627,True,True,0.12396974659112708,moderate,0.2179488255588758,moderate
preferred_job_role,6.733771176321775e-179,0.005207586579784054,1.85124095e-316,0.02260889109583264,True,True,0.10297887521083907,moderate,0.16915873737783627,moderate
hackathon_count,1.427642475324082e-171,0.007544672437074684,0.0,0.012913505806501302,True,True,0.09848199814281246,weak,0.1791019485937566,moderate
extracurricular_score,6.540889347882455e-133,0.0016552378054410788,4.320159004324383e-134,0.0054077663171376855,True,True,0.0865763233535921,weak,0.10864949486458138,moderate
degree_type,8.34205355238255e-62,0.0018472706530255067,6.373085903592552e-51,0.0,True,True,0.06033797670711503,weak,0.06853279856239748,weak
work_experience_months,1.0769303880305242e-30,0.010753716321013851,1.1898218379127484e-71,0.032794381674792206,True,True,0.040704265016939536,very weak,0.079026794205298,weak
location_preference,6.953218130593139e-20,0.0005554853016032854,1.9382260250990395e-29,0.0023255930992349683,True,True,0.03338371760706557,very weak,0.05081158833979525,weak
